Config,Scaler,AP_Mean,ROC_Mean,F1_Mean,P@100_Mean
Config_v23.1,MinMax,0.9915397960379819,0.9951104014442255,0.9541216139613542,1.0
