Config,Scaler,AP_Mean,ROC_Mean,F1_Mean,P@100_Mean
Config_v23,MinMax,0.9799085657493114,0.9750291989860033,0.7563649233411586,1.0
Config_v20,MinMax,0.9795838817583726,0.9744963056334355,0.7471844038722875,1.0
Config_v22,MinMax,0.9764404487268112,0.969947239664544,0.6155110506847696,1.0
Config_v21,MinMax,0.9419110129775035,0.9291726844960457,0.5783108989159338,1.0
