Config,Scaler,AP_Mean,ROC_Mean,F1_Mean,P@100_Mean
Config_v23,MinMax,0.9799085657493114,0.9750291989860033,0.9212163848810679,1.0
