Config,Scaler,AP_Mean,ROC_Mean,F1_Mean,P@100_Mean
Config_v8,MinMax,0.9650824848754166,0.9777196655514085,0.8404415291212409,1.0
Config_v5,MinMax,0.9497256783641511,0.9666867340850207,0.8007004012877756,1.0
Config_v9,MinMax,0.9480786047368153,0.9655014835275096,0.7903517247076863,1.0
Config_v6,MinMax,0.92276152475209,0.9469754691917984,0.7241144419058159,1.0
